,,e0,4.15E+03,,,,,,,,,
,,e1,1.29E+04,,"DYNAMIC MODEL CHILLING PORTIONS   -  EREZ, A. and FISHMAN, S.",,,,,,,
,,a0,1.40E+05,,,"The Volcani Center, Bet Dagan, ISRAEL",,,,,,
,,a1,2.57E+18,,,,,,,,,
,,slp,1.6,,"Add hourly data in column B from  row 13 down.Do not erase rows 11, 12. ",,,,,,,
,,tetmlt,277,,copy data from row12 colums C to L till the last entry in column B.,,,,,,,
,,aa=a0/a1,5.43E-14,,total cumulative chiling portions will appear in column L.,,,,,,,
,,ee=e1-e0,8.74E+03,,,,,,,,,
,,,,,,,,,,,,
date,hour,Temp(C),Temp (K),ftmprt,sr,xi,xs,ak1,Inter-S,Inter-E,delt,Portions
,,15,288,16.93,22471935.51,1,0.81,0.09,0,0.07,0,0
,,12,285,12.44,252887.94,1,1.11,0.06,0.072604305,0.13,0,0
10/1/2008,100,14.7,287.7,16.48,14407813.13,1,0.83,0.09,0.131938288,0.19,0,0
10/1/2008,200,13.8,286.8,15.14,3776136.65,1,0.92,0.08,0.192278513,0.25,0,0
10/1/2008,300,13.1,286.1,14.1,1324955.19,1,0.99,0.07,0.246742915,0.3,0,0
10/1/2008,400,12.3,285.3,12.89,397780.57,1,1.08,0.06,0.29684991,0.34,0,0
10/1/2008,500,12.6,285.6,13.35,625094.59,1,1.04,0.06,0.34347991,0.39,0,0
10/1/2008,600,12.9,285.9,13.8,981377.17,1,1.01,0.07,0.387253724,0.43,0,0
10/1/2008,700,12.5,285.5,13.2,537721.65,1,1.05,0.06,0.428054794,0.47,0,0
10/1/2008,800,18,291,21.32,1820426716,1,0.59,0.15,0.4666457,0.48,0,0
10/1/2008,900,22.1,295.1,27.18,6.39361E+11,1,0.39,0.28,0.483944441,0.46,0,0
10/1/2008,1000,24.5,297.5,30.54,1.8335E+13,1,0.31,0.39,0.461209984,0.41,0,0
10/1/2008,1100,27.8,300.8,35.07,1.69595E+15,1,0.22,0.63,0.411097029,0.32,0,0
10/1/2008,1200,29.7,302.7,37.63,2.19778E+16,1,0.19,0.83,0.322720366,0.25,0,0
10/1/2008,1300,31.3,304.3,39.76,1.85399E+17,1,0.16,1.03,0.245442222,0.19,0,0
10/1/2008,1400,32.9,305.9,41.87,1.52948E+18,1,0.14,1.29,0.189894233,0.15,0,0
10/1/2008,1500,32.5,305.5,41.35,9.04348E+17,1,0.14,1.22,0.151587647,0.15,0,0
10/1/2008,1600,31.1,304.1,39.5,1.42192E+17,1,0.16,1.01,0.145019993,0.16,0,0
10/1/2008,1700,28.9,301.9,36.55,7.50309E+15,1,0.2,0.74,0.15597499,0.18,0,0
10/1/2008,1800,26.9,299.9,33.84,4.98295E+14,1,0.24,0.56,0.179007572,0.21,0,0
10/1/2008,1900,24.8,297.8,30.96,2.77856E+13,1,0.3,0.41,0.206142577,0.24,0,0
10/1/2008,2000,23.2,296.2,28.73,2.99719E+12,1,0.35,0.32,0.23705772,0.27,0,0
10/1/2008,2100,20.6,293.6,25.06,76328377543,1,0.45,0.22,0.268145886,0.3,0,0
10/1/2008,2200,19.8,292.8,23.92,24351200681,1,0.49,0.2,0.304860535,0.34,0,0
10/1/2008,2300,19.6,292.6,23.63,18283319083,1,0.5,0.19,0.33811896,0.37,0,0
10/1/2008,2400,18.8,291.8,22.48,5787453319,1,0.54,0.17,0.366477566,0.39,0,0
10/2/2008,100,17.4,290.4,20.45,761414697.7,1,0.63,0.14,0.394115844,0.42,0,0
10/2/2008,200,17.6,290.6,20.74,1018541960,1,0.62,0.14,0.424056268,0.45,0,0
10/2/2008,300,16.7,289.7,19.43,274154568.4,1,0.68,0.12,0.449250177,0.48,0,0
10/2/2008,400,18.1,291.1,21.47,2104328202,1,0.59,0.15,0.475442601,0.49,0,0
10/2/2008,500,18.2,291.2,21.61,2432262940,1,0.58,0.15,0.490896857,0.5,0,0
10/2/2008,600,17.7,290.7,20.89,1177856978,1,0.61,0.14,0.503510477,0.52,0,0
10/2/2008,700,17.5,290.5,20.6,880687513,1,0.62,0.14,0.517664154,0.53,0,0
10/2/2008,800,18.6,291.6,22.19,4336779267,1,0.56,0.16,0.531239992,0.53,0,0
10/2/2008,900,20.2,293.2,24.49,43146110757,1,0.47,0.21,0.534973114,0.52,0,0
10/2/2008,1000,21.3,294.3,26.05,2.06357E+11,1,0.42,0.25,0.523169462,0.5,0,0
10/2/2008,1100,22.3,295.3,27.47,8.47446E+11,1,0.38,0.28,0.501250662,0.47,0,0
10/2/2008,1200,23.4,296.4,29.01,3.96437E+12,1,0.34,0.33,0.471726332,0.43,0,0
10/2/2008,1300,23.9,296.9,29.71,7.96354E+12,1,0.33,0.36,0.43492697,0.4,0,0
10/2/2008,1400,24.5,297.5,30.54,1.8335E+13,1,0.31,0.39,0.401916026,0.37,0,0
10/2/2008,1500,24.6,297.6,30.68,2.10621E+13,1,0.3,0.4,0.371064318,0.35,0,0
10/2/2008,1600,24.3,297.3,30.26,1.38905E+13,1,0.31,0.38,0.348995316,0.34,0,0
10/2/2008,1700,23.6,296.6,29.29,5.24166E+12,1,0.34,0.34,0.337598892,0.34,0,0
10/2/2008,1800,21.6,294.6,26.48,3.15576E+11,1,0.41,0.26,0.337000378,0.35,0,0
10/2/2008,1900,19.7,292.7,23.77,21101288284,1,0.5,0.19,0.353469579,0.38,0,0
10/2/2008,2000,18.9,291.9,22.62,6684719582,1,0.54,0.17,0.378629264,0.4,0,0
10/2/2008,2100,17.5,290.5,20.6,880687513,1,0.62,0.14,0.403869109,0.43,0,0
10/2/2008,2200,17.2,290.2,20.16,568970068.7,1,0.64,0.13,0.43214243,0.46,0,0
10/2/2008,2300,16.9,289.9,19.72,367252124.7,1,0.66,0.13,0.458164779,0.48,0,0
10/2/2008,2400,16.6,289.6,19.28,236834686,1,0.68,0.12,0.482415354,0.51,0,0
10/3/2008,100,16.2,289.2,18.7,131766527.8,1,0.71,0.11,0.505271485,0.53,0,0
10/3/2008,200,15.2,288.2,17.22,30207316.64,1,0.79,0.1,0.527511045,0.55,0,0
10/3/2008,300,15.1,288.1,17.08,26055451.92,1,0.8,0.1,0.551945858,0.57,0,0
10/3/2008,400,14.3,287.3,15.89,7953917.07,1,0.87,0.08,0.574558145,0.6,0,0
10/3/2008,500,13.8,286.8,15.14,3776136.65,1,0.92,0.08,0.598505275,0.62,0,0
10/3/2008,600,13.6,286.6,14.85,2801033.33,1,0.94,0.08,0.622479773,0.65,0,0
10/3/2008,700,14.3,287.3,15.89,7953917.07,1,0.87,0.08,0.645431807,0.66,0,0
10/3/2008,800,16.1,289.1,18.55,113771884,1,0.72,0.11,0.663644651,0.67,0,0
10/3/2008,900,18,291,21.32,1820426716,1,0.59,0.15,0.669635321,0.66,0,0
10/3/2008,1000,19.3,292.3,23.2,11886053119,1,0.52,0.18,0.658790491,0.64,0,0
10/3/2008,1100,20.6,293.6,25.06,76328377543,1,0.45,0.22,0.635310356,0.6,0,0
10/3/2008,1200,21.7,294.7,26.62,3.63509E+11,1,0.41,0.26,0.599243257,0.55,0,0
10/3/2008,1300,22,295,27.04,5.55265E+11,1,0.39,0.27,0.554894301,0.52,0,0
10/3/2008,1400,22.1,295.1,27.18,6.39361E+11,1,0.39,0.28,0.516484913,0.49,0,0
10/3/2008,1500,21.2,294.2,25.91,1.79077E+11,1,0.43,0.24,0.485898148,0.47,0,0
10/3/2008,1600,20.4,293.4,24.77,57398201112,1,0.46,0.21,0.47318513,0.47,0,0
10/3/2008,1700,19.8,292.8,23.92,24351200681,1,0.49,0.2,0.471151988,0.47,0,0
10/3/2008,1800,19,292,22.77,7720332636,1,0.53,0.17,0.474818341,0.48,0,0
10/3/2008,1900,18.1,291.1,21.47,2104328202,1,0.59,0.15,0.484196829,0.5,0,0
10/3/2008,2000,17.2,290.2,20.16,568970068.7,1,0.64,0.13,0.498420117,0.52,0,0
10/3/2008,2100,17,290,19.87,424994254,1,0.66,0.13,0.51624115,0.53,0,0
10/3/2008,2200,17,290,19.87,424994254,1,0.66,0.13,0.533035855,0.55,0,0
10/3/2008,2300,17.3,290.3,20.31,658229180.4,1,0.64,0.13,0.547811111,0.56,0,0
10/3/2008,2400,17.1,290.1,20.01,491765523.1,1,0.65,0.13,0.558857258,0.57,0,0
10/4/2008,100,16,289,18.4,98224689.87,1,0.73,0.11,0.569869921,0.59,0,0
10/4/2008,200,15.6,288.6,17.81,54515663.06,1,0.76,0.1,0.586316871,0.6,0,0
10/4/2008,300,15.7,288.7,17.96,63170245.91,1,0.75,0.1,0.603270067,0.62,0,0
10/4/2008,400,15.4,288.4,17.52,40588745.71,1,0.78,0.1,0.61799781,0.63,0,0
10/4/2008,500,15.3,288.3,17.37,35017177.65,1,0.78,0.1,0.632975343,0.65,0,0
10/4/2008,600,15.3,288.3,17.37,35017177.65,1,0.78,0.1,0.647096255,0.66,0,0
10/4/2008,700,15.5,288.5,17.67,47041988.19,1,0.77,0.1,0.659891607,0.67,0,0
10/4/2008,800,16,289,18.4,98224689.87,1,0.73,0.11,0.670258274,0.68,0,0
10/4/2008,900,17.3,290.3,20.31,658229180.4,1,0.64,0.13,0.676261822,0.67,0,0
10/4/2008,1000,18.8,291.8,22.48,5787453319,1,0.54,0.17,0.67118427,0.65,0,0
10/4/2008,1100,19.7,292.7,23.77,21101288284,1,0.5,0.19,0.651567307,0.62,0,0
10/4/2008,1200,19.9,292.9,24.06,28098899377,1,0.49,0.2,0.624397403,0.6,0,0
10/4/2008,1300,20,293,24.2,32420208407,1,0.48,0.2,0.599571254,0.58,0,0
10/4/2008,1400,20.5,293.5,24.92,66193179830,1,0.46,0.22,0.578044211,0.55,0,0
10/4/2008,1500,21.5,294.5,26.34,2.73937E+11,1,0.41,0.25,0.554560672,0.52,0,0
10/4/2008,1600,21.4,294.4,26.19,2.37769E+11,1,0.42,0.25,0.523169942,0.5,0,0
10/4/2008,1700,20.6,293.6,25.06,76328377543,1,0.45,0.22,0.500028017,0.49,0,0
10/4/2008,1800,18.5,291.5,22.05,3753554615,1,0.56,0.16,0.49077747,0.5,0,0
10/4/2008,1900,16.7,289.7,19.43,274154568.4,1,0.68,0.12,0.501331133,0.52,0,0
10/4/2008,2000,15.9,288.9,18.26,84793430.38,1,0.74,0.11,0.521525973,0.54,0,0
10/4/2008,2100,15,288,16.93,22471935.51,1,0.81,0.09,0.543475568,0.57,0,0
10/4/2008,2200,14.7,287.7,16.48,14407813.13,1,0.83,0.09,0.567276443,0.59,0,0
10/4/2008,2300,13.5,286.5,14.7,2412046.31,1,0.95,0.07,0.590227354,0.62,0,0
10/4/2008,2400,12,285,12.44,252887.94,1,1.11,0.06,0.615867995,0.64,0,0
10/5/2008,100,11.1,284.1,11.08,64608.42,1,1.23,0.05,0.644208486,0.67,0,0
10/5/2008,200,10.7,283.7,10.47,35130.72,1,1.28,0.05,0.673085694,0.7,0,0
10/5/2008,300,10.7,283.7,10.47,35130.72,1,1.28,0.05,0.701402385,0.73,0,0
10/5/2008,400,10.4,283.4,10.01,22220.06,1,1.32,0.05,0.728398784,0.75,0,0
10/5/2008,500,10.3,283.3,9.86,19069.43,1,1.34,0.04,0.754842415,0.78,0,0
10/5/2008,600,10.2,283.2,9.7,16363.77,1,1.35,0.04,0.780349964,0.8,0,0
10/5/2008,700,10.6,283.6,10.31,30159.2,1,1.29,0.05,0.804991385,0.83,0,0
10/5/2008,800,13.8,286.8,15.14,3776136.65,1,0.92,0.08,0.82745538,0.83,0,0
10/5/2008,900,16.2,289.2,18.7,131766527.8,1,0.71,0.11,0.834245716,0.82,0,0
10/5/2008,1000,17.4,290.4,20.45,761414697.7,1,0.63,0.14,0.821249655,0.8,0,0
10/5/2008,1100,18.9,291.9,22.62,6684719582,1,0.54,0.17,0.796803309,0.76,0,0
10/5/2008,1200,20.5,293.5,24.92,66193179830,1,0.46,0.22,0.756284247,0.7,0,0
10/5/2008,1300,21.5,294.5,26.34,2.73937E+11,1,0.41,0.25,0.697938289,0.63,0,0
10/5/2008,1400,22.6,295.6,27.89,1.29226E+12,1,0.37,0.3,0.63453719,0.57,0,0
10/5/2008,1500,23.3,296.3,28.87,3.44719E+12,1,0.35,0.33,0.566676488,0.5,0,0
10/5/2008,1600,23.4,296.4,29.01,3.96437E+12,1,0.34,0.33,0.5046297,0.46,0,0
10/5/2008,1700,23.2,296.2,28.73,2.99719E+12,1,0.35,0.32,0.458476502,0.43,0,0
10/5/2008,1800,21,294,25.63,1.34821E+11,1,0.44,0.23,0.428160402,0.43,0,0
10/5/2008,1900,18.5,291.5,22.05,3753554615,1,0.56,0.16,0.429668887,0.45,0,0
10/5/2008,2000,17.2,290.2,20.16,568970068.7,1,0.64,0.13,0.449311414,0.47,0,0
10/5/2008,2100,16.4,289.4,18.99,176690497.6,1,0.7,0.12,0.473209243,0.5,0,0
10/5/2008,2200,15.8,288.8,18.11,73191310.12,1,0.74,0.11,0.498016074,0.52,0,0
10/5/2008,2300,15.1,288.1,17.08,26055451.92,1,0.8,0.1,0.52280426,0.55,0,0
10/5/2008,2400,14.1,287.1,15.59,5906129.21,1,0.89,0.08,0.548072468,0.57,0,0
10/6/2008,100,13.2,286.2,14.25,1539272.42,1,0.98,0.07,0.57485538,0.6,0,0
10/6/2008,200,12.4,285.4,13.04,462512.5,1,1.07,0.06,0.602519683,0.63,0,0
10/6/2008,300,12,285,12.44,252887.94,1,1.11,0.06,0.63062878,0.66,0,0
10/6/2008,400,11.6,284.6,11.84,138037.07,1,1.16,0.06,0.65812716,0.69,0,0
10/6/2008,500,11.1,284.1,11.08,64608.42,1,1.23,0.05,0.685130363,0.71,0,0
10/6/2008,600,11.1,284.1,11.08,64608.42,1,1.23,0.05,0.711976695,0.74,0,0
10/6/2008,700,11.5,284.5,11.68,118617.05,1,1.17,0.05,0.737490694,0.76,0,0
10/6/2008,800,14.2,287.2,15.74,6854322.08,1,0.88,0.08,0.760553198,0.77,0,0
10/6/2008,900,16.8,289.8,19.58,317323187.7,1,0.67,0.12,0.770057942,0.76,0,0
10/6/2008,1000,18.7,291.7,22.33,5010128797,1,0.55,0.17,0.75833196,0.73,0,0
10/6/2008,1100,20.5,293.5,24.92,66193179830,1,0.46,0.22,0.726516812,0.67,0,0
10/6/2008,1200,22,295,27.04,5.55265E+11,1,0.39,0.27,0.673993142,0.61,0,0
10/6/2008,1300,23.7,296.7,29.43,6.02637E+12,1,0.33,0.35,0.607211608,0.53,0,0
10/6/2008,1400,24.9,297.9,31.09,3.19095E+13,1,0.3,0.42,0.526102715,0.45,0,0
10/6/2008,1500,25.7,298.7,32.2,9.62198E+13,1,0.27,0.47,0.447428109,0.38,0,0
10/6/2008,1600,26,299,32.61,1.45331E+14,1,0.26,0.49,0.382213164,0.34,0,0
10/6/2008,1700,25.8,298.8,32.34,1.10408E+14,1,0.27,0.47,0.336900891,0.31,0,0
10/6/2008,1800,23.4,296.4,29.01,3.96437E+12,1,0.34,0.33,0.311684093,0.32,0,0
10/6/2008,1900,18.3,291.3,21.76,2811022915,1,0.57,0.16,0.320381862,0.36,0,0
10/6/2008,2000,17.3,290.3,20.31,658229180.4,1,0.64,0.13,0.356976125,0.39,0,0
10/6/2008,2100,17.3,290.3,20.31,658229180.4,1,0.64,0.13,0.39197672,0.42,0,0
10/6/2008,2200,16,289,18.4,98224689.87,1,0.73,0.11,0.422583885,0.45,0,0
10/6/2008,2300,14.8,287.8,16.63,16710531.16,1,0.83,0.09,0.454353005,0.49,0,0
10/6/2008,2400,14.4,287.4,16.04,9228957.43,1,0.86,0.09,0.486728203,0.52,0,0
10/7/2008,100,12,285,12.44,252887.94,1,1.11,0.06,0.51749705,0.55,0,0
10/7/2008,200,11.8,284.8,12.14,186876.31,1,1.14,0.06,0.551449658,0.58,0,0
10/7/2008,300,11.4,284.4,11.53,101918.31,1,1.19,0.05,0.583831794,0.62,0,0
10/7/2008,400,11.4,284.4,11.53,101918.31,1,1.19,0.05,0.615191928,0.64,0,0
10/7/2008,500,10.4,283.4,10.01,22220.06,1,1.32,0.05,0.644921446,0.68,0,0
10/7/2008,600,10.6,283.6,10.31,30159.2,1,1.29,0.05,0.675078659,0.7,0,0
10/7/2008,700,10.2,283.2,9.7,16363.77,1,1.35,0.04,0.703505938,0.73,0,0
10/7/2008,800,13.6,286.6,14.85,2801033.33,1,0.94,0.08,0.731460163,0.75,0,0
10/7/2008,900,16.9,289.9,19.72,367252124.7,1,0.66,0.13,0.746475635,0.74,0,0
10/7/2008,1000,19.7,292.7,23.77,21101288284,1,0.5,0.19,0.736553654,0.69,0,0
10/7/2008,1100,22.7,295.7,28.03,1.48713E+12,1,0.37,0.3,0.694464815,0.61,0,0
10/7/2008,1200,24.8,297.8,30.96,2.77856E+13,1,0.3,0.41,0.6091704,0.5,0,0
10/7/2008,1300,26.5,299.5,33.3,2.88435E+14,1,0.25,0.52,0.504437952,0.4,0,0
10/7/2008,1400,27.8,300.8,35.07,1.69595E+15,1,0.22,0.63,0.401509655,0.32,0,0
10/7/2008,1500,29,302,36.69,8.58456E+15,1,0.2,0.75,0.317623546,0.25,0,0
10/7/2008,1600,29.3,302.3,37.09,1.28505E+16,1,0.19,0.78,0.254647927,0.22,0,0
10/7/2008,1700,28.7,301.7,36.28,5.73017E+15,1,0.2,0.72,0.220981299,0.21,0,0
10/7/2008,1800,25.6,298.6,32.06,8.38469E+13,1,0.28,0.46,0.212259609,0.24,0,0
10/7/2008,1900,20.9,293.9,25.49,1.16964E+11,1,0.44,0.23,0.235598847,0.28,0,0
10/7/2008,2000,19.8,292.8,23.92,24351200681,1,0.49,0.2,0.277726263,0.32,0,0
10/7/2008,2100,18.6,291.6,22.19,4336779267,1,0.56,0.16,0.315813314,0.35,0,0
10/7/2008,2200,17.9,290.9,21.18,1574670358,1,0.6,0.15,0.352038127,0.39,0,0
10/7/2008,2300,15.8,288.8,18.11,73191310.12,1,0.74,0.11,0.385599741,0.42,0,0
10/7/2008,2400,15.4,288.4,17.52,40588745.71,1,0.78,0.1,0.421745547,0.46,0,0
10/8/2008,100,14.7,287.7,16.48,14407813.13,1,0.83,0.09,0.455419336,0.49,0,0
10/8/2008,200,13.1,286.1,14.1,1324955.19,1,0.99,0.07,0.487977171,0.52,0,0
10/8/2008,300,11.3,284.3,11.38,87561.04,1,1.2,0.05,0.521798099,0.56,0,0
10/8/2008,400,10.7,283.7,10.47,35130.72,1,1.28,0.05,0.556511133,0.59,0,0
10/8/2008,500,9.9,282.9,9.24,10333.28,1,1.4,0.04,0.590263221,0.62,0,0
10/8/2008,600,9.6,282.6,8.78,6518.82,1,1.44,0.04,0.623433094,0.66,0,0
10/8/2008,700,10.7,283.7,10.47,35130.72,1,1.28,0.05,0.655592662,0.68,0,0
10/8/2008,800,14.4,287.4,16.04,9228957.43,1,0.86,0.09,0.684724982,0.7,0,0
10/8/2008,900,18,291,21.32,1820426716,1,0.59,0.15,0.699232816,0.68,0,0
10/8/2008,1000,20.7,293.7,25.2,88006892038,1,0.45,0.22,0.68428443,0.64,0,0
10/8/2008,1100,23.1,296.1,28.59,2.60569E+12,1,0.35,0.32,0.636976445,0.56,0,0
10/8/2008,1200,24.9,297.9,31.09,3.19095E+13,1,0.3,0.42,0.559103509,0.47,0,0
10/8/2008,1300,26.2,299.2,32.88,1.91229E+14,1,0.26,0.5,0.469190706,0.39,0,0
10/8/2008,1400,27.5,300.5,34.66,1.12839E+15,1,0.23,0.61,0.386483099,0.31,0,0
10/8/2008,1500,28.4,301.4,35.88,3.82179E+15,1,0.21,0.69,0.314944854,0.26,0,0
10/8/2008,1600,28.6,301.6,36.15,5.00694E+15,1,0.21,0.71,0.262698098,0.23,0,0
10/8/2008,1700,28.5,301.5,36.01,4.37461E+15,1,0.21,0.7,0.233895295,0.22,0,0
10/8/2008,1800,24.6,297.6,30.68,2.10621E+13,1,0.3,0.4,0.220841106,0.25,0,0
10/8/2008,1900,21.5,294.5,26.34,2.73937E+11,1,0.41,0.25,0.248153663,0.29,0,0
10/8/2008,2000,19.7,292.7,23.77,21101288284,1,0.5,0.19,0.285171111,0.32,0,0
10/8/2008,2100,18.2,291.2,21.61,2432262940,1,0.58,0.15,0.322320256,0.36,0,0
10/8/2008,2200,15.2,288.2,17.22,30207316.64,1,0.79,0.1,0.358974078,0.4,0,0
10/8/2008,2300,14.9,287.9,16.78,19379283.23,1,0.82,0.09,0.39899792,0.44,0,0
10/8/2008,2400,14.7,287.7,16.48,14407813.13,1,0.83,0.09,0.43598898,0.47,0,0
10/9/2008,100,13.9,286.9,15.29,4383737.98,1,0.91,0.08,0.470215605,0.5,0,0
10/9/2008,200,13.9,286.9,15.29,4383737.98,1,0.91,0.08,0.503590245,0.53,0,0
10/9/2008,300,12.9,285.9,13.8,981377.17,1,1.01,0.07,0.534421906,0.57,0,0
10/9/2008,400,11.9,284.9,12.29,217402.36,1,1.12,0.06,0.565585351,0.6,0,0
10/9/2008,500,11.4,284.4,11.53,101918.31,1,1.19,0.05,0.596993152,0.63,0,0
10/9/2008,600,11.2,284.2,11.23,75218.25,1,1.21,0.05,0.627668942,0.66,0,0
10/9/2008,700,11.2,284.2,11.23,75218.25,1,1.21,0.05,0.657167577,0.69,0,0
10/9/2008,800,13.8,286.8,15.14,3776136.65,1,0.92,0.08,0.685179297,0.7,0,0
10/9/2008,900,16.3,289.3,18.84,152591790.1,1,0.71,0.12,0.702648358,0.7,0,0
10/9/2008,1000,18.4,291.4,21.9,3248441948,1,0.57,0.16,0.702958762,0.68,0,0
10/9/2008,1100,20.2,293.2,24.49,43146110757,1,0.47,0.21,0.683097557,0.64,0,0
10/9/2008,1200,21.5,294.5,26.34,2.73937E+11,1,0.41,0.25,0.643466803,0.59,0,0
10/9/2008,1300,22.2,295.2,27.32,7.36122E+11,1,0.39,0.28,0.592226964,0.54,0,0
10/9/2008,1400,22.4,295.4,27.61,9.75513E+11,1,0.38,0.29,0.541781422,0.5,0,0
10/9/2008,1500,22.1,295.1,27.18,6.39361E+11,1,0.39,0.28,0.500760371,0.47,0,0
10/9/2008,1600,21.8,294.8,26.76,4.18683E+11,1,0.4,0.26,0.473968079,0.46,0,0
10/9/2008,1700,20.9,293.9,25.49,1.16964E+11,1,0.44,0.23,0.457179754,0.45,0,0
10/9/2008,1800,18.6,291.6,22.19,4336779267,1,0.56,0.16,0.45359423,0.47,0,0
10/9/2008,1900,15.6,288.6,17.81,54515663.06,1,0.76,0.1,0.469038261,0.5,0,0
10/9/2008,2000,14.3,287.3,15.89,7953917.07,1,0.87,0.08,0.49749779,0.53,0,0
10/9/2008,2100,13.3,286.3,14.4,1788069.09,1,0.97,0.07,0.527679763,0.56,0,0
10/9/2008,2200,13.8,286.8,15.14,3776136.65,1,0.92,0.08,0.558328056,0.59,0,0
10/9/2008,2300,13.9,286.9,15.29,4383737.98,1,0.91,0.08,0.58531811,0.61,0,0
10/9/2008,2400,13.7,286.7,14.99,3252412.44,1,0.93,0.08,0.609922518,0.63,0,0
10/10/2008,100,13.6,286.6,14.85,2801033.33,1,0.94,0.08,0.633418988,0.66,0,0
10/10/2008,200,12.9,285.9,13.8,981377.17,1,1.01,0.07,0.655574367,0.68,0,0
10/10/2008,300,12.3,285.3,12.89,397780.57,1,1.08,0.06,0.678803882,0.7,0,0
10/10/2008,400,12,285,12.44,252887.94,1,1.11,0.06,0.702614269,0.73,0,0
10/10/2008,500,11.6,284.6,11.84,138037.07,1,1.16,0.06,0.726005837,0.75,0,0
10/10/2008,600,11.1,284.1,11.08,64608.42,1,1.23,0.05,0.749368491,0.77,0,0
10/10/2008,700,10.8,283.8,10.62,40917.35,1,1.27,0.05,0.773026805,0.8,0,0
10/10/2008,800,12,285,12.44,252887.94,1,1.11,0.06,0.79640186,0.81,0,0
10/10/2008,900,13.5,286.5,14.7,2412046.31,1,0.95,0.07,0.814442795,0.82,0,0
10/10/2008,1000,14.8,287.8,16.63,16710531.16,1,0.83,0.09,0.823999769,0.82,0,0
10/10/2008,1100,15.6,288.6,17.81,54515663.06,1,0.76,0.1,0.824151914,0.82,0,0
10/10/2008,1200,16.3,289.3,18.84,152591790.1,1,0.71,0.12,0.817770852,0.81,0,0
10/10/2008,1300,17,290,19.87,424994254,1,0.66,0.13,0.805570142,0.79,0,0
10/10/2008,1400,17.7,290.7,20.89,1177856978,1,0.61,0.14,0.787575022,0.76,0,0
10/10/2008,1500,18.2,291.2,21.61,2432262940,1,0.58,0.15,0.763981535,0.74,0,0
10/10/2008,1600,18.2,291.2,21.61,2432262940,1,0.58,0.15,0.737651369,0.72,0,0
10/10/2008,1700,17.5,290.5,20.6,880687513,1,0.62,0.14,0.715076069,0.7,0,0
10/10/2008,1800,16.2,289.2,18.7,131766527.8,1,0.71,0.11,0.703154679,0.7,0,0
10/10/2008,1900,15.1,288.1,17.08,26055451.92,1,0.8,0.1,0.704199456,0.71,0,0
10/10/2008,2000,13.9,286.9,15.29,4383737.98,1,0.91,0.08,0.712935583,0.73,0,0
10/10/2008,2100,12.6,285.6,13.35,625094.59,1,1.04,0.06,0.72781618,0.75,0,0
10/10/2008,2200,11.5,284.5,11.68,118617.05,1,1.17,0.05,0.747547783,0.77,0,0
10/10/2008,2300,10.7,283.7,10.47,35130.72,1,1.28,0.05,0.770079183,0.79,0,0
10/10/2008,2400,10.2,283.2,9.7,16363.77,1,1.35,0.04,0.793873463,0.82,0,0
10/11/2008,100,9.6,282.6,8.78,6518.82,1,1.44,0.04,0.817931875,0.84,0,0
10/11/2008,200,9.1,282.1,8.01,3018.39,1,1.52,0.04,0.8424634,0.87,0,0
10/11/2008,300,8.6,281.6,7.24,1393.78,1,1.61,0.03,0.867181073,0.89,0,0
10/11/2008,400,8,281,6.31,549.44,1,1.72,0.03,0.892061432,0.92,0,0
10/11/2008,500,7.8,280.8,6,402.51,1,1.76,0.03,0.917256872,0.94,0,0
10/11/2008,600,7.2,280.2,5.06,157.83,0.99,1.88,0.03,0.942047045,0.97,0,0
10/11/2008,700,7,280,4.75,115.42,0.99,1.92,0.03,0.967123142,0.99,0,0
10/11/2008,800,9.9,282.9,9.24,10333.28,1,1.4,0.04,0.991846054,1.01,1.01,1
10/11/2008,900,12.9,285.9,13.8,981377.17,1,1.01,0.07,9.76E-05,0.07,0,1
10/11/2008,1000,15.2,288.2,17.22,30207316.64,1,0.79,0.1,0.066252412,0.13,0,1
10/11/2008,1100,16.6,289.6,19.28,236834686,1,0.68,0.12,0.133351895,0.2,0,1
10/11/2008,1200,17.6,290.6,20.74,1018541960,1,0.62,0.14,0.195829143,0.25,0,1
10/11/2008,1300,18.3,291.3,21.76,2811022915,1,0.57,0.16,0.25092271,0.3,0,1
10/11/2008,1400,18.5,291.5,22.05,3753554615,1,0.56,0.16,0.297562456,0.34,0,1
10/11/2008,1500,18.6,291.6,22.19,4336779267,1,0.56,0.16,0.336853572,0.37,0,1
10/11/2008,1600,18.6,291.6,22.19,4336779267,1,0.56,0.16,0.369904992,0.4,0,1
10/11/2008,1700,18,291,21.32,1820426716,1,0.59,0.15,0.397971438,0.42,0,1
10/11/2008,1800,16.2,289.2,18.7,131766527.8,1,0.71,0.11,0.424791548,0.46,0,1
10/11/2008,1900,14.2,287.2,15.74,6854322.08,1,0.88,0.08,0.455651116,0.49,0,1
10/11/2008,2000,12.9,285.9,13.8,981377.17,1,1.01,0.07,0.489458363,0.52,0,1
10/11/2008,2100,11.9,284.9,12.29,217402.36,1,1.12,0.06,0.523566342,0.56,0,1
10/11/2008,2200,10.3,283.3,9.86,19069.43,1,1.34,0.04,0.55733468,0.59,0,1
10/11/2008,2300,9.3,282.3,8.32,4108.42,1,1.49,0.04,0.591491763,0.63,0,1
10/11/2008,2400,7.8,280.8,6,402.51,1,1.76,0.03,0.625155879,0.66,0,1
10/12/2008,100,7.6,280.6,5.69,294.74,1,1.8,0.03,0.658541117,0.69,0,1
10/12/2008,200,6,279,3.18,23.98,0.96,2.15,0.02,0.691040183,0.72,0,1
10/12/2008,300,4.7,277.7,1.12,3.06,0.75,2.49,0.02,0.723107559,0.75,0,1
10/12/2008,400,4.4,277.4,0.64,1.89,0.65,2.58,0.02,0.754446385,0.79,0,1
10/12/2008,500,4.1,277.1,0.16,1.17,0.54,2.67,0.02,0.785189268,0.82,0,1
10/12/2008,600,4.3,277.3,0.48,1.62,0.62,2.61,0.02,0.815376918,0.85,0,1
10/12/2008,700,5.1,278.1,1.75,5.77,0.85,2.38,0.02,0.845090456,0.87,0,1
10/12/2008,800,8.2,281.2,6.62,749.67,1,1.68,0.03,0.874174048,0.9,0,1
10/12/2008,900,11.6,284.6,11.84,138037.07,1,1.16,0.06,0.899571987,0.91,0,1
10/12/2008,1000,14.9,287.9,16.78,19379283.23,1,0.82,0.09,0.913625735,0.91,0,1
10/12/2008,1100,16.9,289.9,19.72,367252124.7,1,0.66,0.13,0.905084147,0.88,0,1
10/12/2008,1200,18.1,291.1,21.47,2104328202,1,0.59,0.15,0.876362812,0.84,0,1
10/12/2008,1300,19.1,292.1,22.91,8915506107,1,0.53,0.18,0.83544204,0.79,0,1
10/12/2008,1400,19.9,292.9,24.06,28098899377,1,0.49,0.2,0.785771294,0.73,0,1
10/12/2008,1500,20.7,293.7,25.2,88006892038,1,0.45,0.22,0.731835129,0.67,0,1
10/12/2008,1600,20.8,293.8,25.34,1.01462E+11,1,0.44,0.23,0.674974701,0.63,0,1
10/12/2008,1700,20.3,293.3,24.63,49766958437,1,0.47,0.21,0.628007735,0.6,0,1
10/12/2008,1800,18,291,21.32,1820426716,1,0.59,0.15,0.597420609,0.6,0,1
10/12/2008,1900,15.6,288.6,17.81,54515663.06,1,0.76,0.1,0.596588014,0.61,0,1
10/12/2008,2000,13.7,286.7,14.99,3252412.44,1,0.93,0.08,0.612533497,0.64,0,1
10/12/2008,2100,12.8,285.8,13.65,844471.33,1,1.02,0.07,0.635836928,0.66,0,1
10/12/2008,2200,10.5,283.5,10.16,25888.45,1,1.31,0.05,0.660688208,0.69,0,1
10/12/2008,2300,7.3,280.3,5.22,184.53,0.99,1.86,0.03,0.689963035,0.72,0,1
10/12/2008,2400,9.5,282.5,8.63,5589.65,1,1.46,0.04,0.72172608,0.75,0,1
10/13/2008,100,12,285,12.44,252887.94,1,1.11,0.06,0.750199306,0.77,0,1
10/13/2008,200,11.9,284.9,12.29,217402.36,1,1.12,0.06,0.770876122,0.79,0,1
10/13/2008,300,8.1,281.1,6.46,641.83,1,1.7,0.03,0.790751134,0.82,0,1
10/13/2008,400,6.1,279.1,3.33,28.07,0.97,2.13,0.02,0.818898447,0.85,0,1
10/13/2008,500,4.8,277.8,1.28,3.58,0.78,2.46,0.02,0.848104283,0.88,0,1
10/13/2008,600,4.3,277.3,0.48,1.62,0.62,2.61,0.02,0.877207225,0.91,0,1
10/13/2008,700,3.3,276.3,-1.12,0.33,0.25,2.92,0.01,0.905894746,0.93,0,1
10/13/2008,800,8.8,281.8,7.55,1899.19,1,1.58,0.04,0.934188423,0.96,0,1
10/13/2008,900,12.8,285.8,13.65,844471.33,1,1.02,0.07,0.956349966,0.96,0,1
10/13/2008,1000,15.6,288.6,17.81,54515663.06,1,0.76,0.1,0.960529415,0.94,0,1
10/13/2008,1100,18,291,21.32,1820426716,1,0.59,0.15,0.940768207,0.89,0,1
10/13/2008,1200,19.7,292.7,23.77,21101288284,1,0.5,0.19,0.892332057,0.82,0,1
10/13/2008,1300,21.2,294.2,25.91,1.79077E+11,1,0.43,0.24,0.822897086,0.74,0,1
10/13/2008,1400,22.3,295.3,27.47,8.47446E+11,1,0.38,0.28,0.737848442,0.65,0,1
10/13/2008,1500,23.1,296.1,28.59,2.60569E+12,1,0.35,0.32,0.649748809,0.57,0,1
10/13/2008,1600,23.2,296.2,28.73,2.99719E+12,1,0.35,0.32,0.568377655,0.51,0,1
10/13/2008,1700,22.3,295.3,27.47,8.47446E+11,1,0.38,0.28,0.507583564,0.48,0,1
10/13/2008,1800,19.1,292.1,22.91,8915506107,1,0.53,0.18,0.476491376,0.48,0,1
10/13/2008,1900,14,287,15.44,5088576.64,1,0.9,0.08,0.484850933,0.52,0,1
10/13/2008,2000,12.4,285.4,13.04,462512.5,1,1.07,0.06,0.516857823,0.55,0,1
10/13/2008,2100,11.5,284.5,11.68,118617.05,1,1.17,0.05,0.550163863,0.58,0,1
10/13/2008,2200,12.5,285.5,13.2,537721.65,1,1.05,0.06,0.583118905,0.61,0,1
10/13/2008,2300,11.2,284.2,11.23,75218.25,1,1.21,0.05,0.612157089,0.64,0,1
10/13/2008,2400,10.4,283.4,10.01,22220.06,1,1.32,0.05,0.642437618,0.67,0,1
10/14/2008,100,9.4,282.4,8.47,4792.4,1,1.48,0.04,0.672705327,0.7,0,1
10/14/2008,200,9.5,282.5,8.63,5589.65,1,1.46,0.04,0.703204108,0.73,0,1
10/14/2008,300,9.5,282.5,8.63,5589.65,1,1.46,0.04,0.73239234,0.76,0,1
10/14/2008,400,7.2,280.2,5.06,157.83,0.99,1.88,0.03,0.760453814,0.79,0,1
10/14/2008,500,6.7,279.7,4.28,72.12,0.99,1.99,0.02,0.790379827,0.82,0,1
10/14/2008,600,6.5,279.5,3.96,52.68,0.98,2.03,0.02,0.819890588,0.85,0,1
10/14/2008,700,7.2,280.2,5.06,157.83,0.99,1.88,0.03,0.848823527,0.88,0,1
10/14/2008,800,11.1,284.1,11.08,64608.42,1,1.23,0.05,0.876389399,0.89,0,1
10/14/2008,900,15.2,288.2,17.22,30207316.64,1,0.79,0.1,0.893743904,0.88,0,1
10/14/2008,1000,18.2,291.2,21.61,2432262940,1,0.58,0.15,0.88430357,0.84,0,1
10/14/2008,1100,20.9,293.9,25.49,1.16964E+11,1,0.44,0.23,0.840814641,0.76,0,1
10/14/2008,1200,22.9,295.9,28.31,1.96887E+12,1,0.36,0.31,0.758083854,0.65,0,1
10/14/2008,1300,24,297,29.85,9.15314E+12,1,0.32,0.37,0.651682453,0.55,0,1
10/14/2008,1400,25,298,31.23,3.66419E+13,1,0.29,0.42,0.550974817,0.46,0,1
10/14/2008,1500,25.3,298.3,31.65,5.54515E+13,1,0.28,0.44,0.46181031,0.4,0,1
10/14/2008,1600,26,299,32.61,1.45331E+14,1,0.26,0.49,0.39827061,0.35,0,1
10/14/2008,1700,26.3,299.3,33.02,2.19327E+14,1,0.26,0.51,0.346756094,0.31,0,1
10/14/2008,1800,21.8,294.8,26.76,4.18683E+11,1,0.4,0.26,0.311015093,0.33,0,1
10/14/2008,1900,16.1,289.1,18.55,113771884,1,0.72,0.11,0.33205558,0.37,0,1
10/14/2008,2000,14.3,287.3,15.89,7953917.07,1,0.87,0.08,0.373048386,0.41,0,1
10/14/2008,2100,12.2,285.2,12.74,342072.16,1,1.09,0.06,0.413299382,0.45,0,1
10/14/2008,2200,11,284,10.92,55489.2,1,1.24,0.05,0.453051547,0.49,0,1
10/14/2008,2300,11.8,284.8,12.14,186876.31,1,1.14,0.06,0.491474762,0.53,0,1
10/14/2008,2400,13.5,286.5,14.7,2412046.31,1,0.95,0.07,0.527174557,0.56,0,1
10/15/2008,100,11.5,284.5,11.68,118617.05,1,1.17,0.05,0.55733817,0.59,0,1
10/15/2008,200,8.3,281.3,6.77,875.53,1,1.67,0.03,0.589914344,0.62,0,1
10/15/2008,300,8.2,281.2,6.62,749.67,1,1.68,0.03,0.624197127,0.66,0,1
10/15/2008,400,7.1,280.1,4.91,134.98,0.99,1.9,0.03,0.657439049,0.69,0,1
10/15/2008,500,6.6,279.6,4.12,61.64,0.98,2.01,0.02,0.690144357,0.72,0,1
10/15/2008,600,7.2,280.2,5.06,157.83,0.99,1.88,0.03,0.722148346,0.75,0,1
10/15/2008,700,7,280,4.75,115.42,0.99,1.92,0.03,0.753097406,0.78,0,1
10/15/2008,800,11.8,284.8,12.14,186876.31,1,1.14,0.06,0.78335408,0.8,0,1
10/15/2008,900,16.8,289.8,19.58,317323187.7,1,0.67,0.12,0.802907852,0.79,0,1
10/15/2008,1000,19.1,292.1,22.91,8915506107,1,0.53,0.18,0.787343947,0.75,0,1
10/15/2008,1100,21.2,294.2,25.91,1.79077E+11,1,0.43,0.24,0.745449052,0.68,0,1
10/15/2008,1200,23.9,296.9,29.71,7.96354E+12,1,0.33,0.36,0.677024353,0.57,0,1
10/15/2008,1300,25.8,298.8,32.34,1.10408E+14,1,0.27,0.47,0.570841627,0.46,0,1
10/15/2008,1400,26.8,299.8,33.71,4.34697E+14,1,0.25,0.55,0.457271781,0.37,0,1
10/15/2008,1500,26.9,299.9,33.84,4.98295E+14,1,0.24,0.56,0.367768551,0.31,0,1
10/15/2008,1600,27,300,33.98,5.71146E+14,1,0.24,0.56,0.314440988,0.28,0,1
10/15/2008,1700,26.1,299.1,32.75,1.66715E+14,1,0.26,0.5,0.282506208,0.27,0,1
10/15/2008,1800,21.3,294.3,26.05,2.06357E+11,1,0.42,0.25,0.274624082,0.31,0,1
10/15/2008,1900,16.8,289.8,19.58,317323187.7,1,0.67,0.12,0.306760717,0.35,0,1
10/15/2008,2000,14.4,287.4,16.04,9228957.43,1,0.86,0.09,0.349162717,0.39,0,1
10/15/2008,2100,13.5,286.5,14.7,2412046.31,1,0.95,0.07,0.391229497,0.43,0,1
10/15/2008,2200,12.1,285.1,12.59,294134.48,1,1.1,0.06,0.43114487,0.47,0,1
10/15/2008,2300,12,285,12.44,252887.94,1,1.11,0.06,0.469937901,0.51,0,1
10/15/2008,2400,11,284,10.92,55489.2,1,1.24,0.05,0.506603784,0.54,0,1
10/16/2008,100,9.6,282.6,8.78,6518.82,1,1.44,0.04,0.542410373,0.58,0,1
10/16/2008,200,8.2,281.2,6.62,749.67,1,1.68,0.03,0.57774757,0.61,0,1
10/16/2008,300,8.1,281.1,6.46,641.83,1,1.7,0.03,0.612447024,0.65,0,1
10/16/2008,400,9.2,282.2,8.17,3521.67,1,1.51,0.04,0.646100235,0.68,0,1
10/16/2008,500,8.4,281.4,6.93,1022.41,1,1.65,0.03,0.677829407,0.71,0,1
10/16/2008,600,8.1,281.1,6.46,641.83,1,1.7,0.03,0.709225143,0.74,0,1
10/16/2008,700,6.8,279.8,4.44,84.37,0.99,1.97,0.03,0.739889918,0.77,0,1
10/16/2008,800,11.4,284.4,11.53,101918.31,1,1.19,0.05,0.770595745,0.79,0,1
10/16/2008,900,15.9,288.9,18.26,84793430.38,1,0.74,0.11,0.792244807,0.79,0,1
10/16/2008,1000,19.5,292.5,23.49,15840122641,1,0.51,0.19,0.786440015,0.74,0,1
10/16/2008,1100,22.3,295.3,27.47,8.47446E+11,1,0.38,0.28,0.738714418,0.65,0,1
10/16/2008,1200,24.6,297.6,30.68,2.10621E+13,1,0.3,0.4,0.650400393,0.54,0,1
10/16/2008,1300,26.7,299.7,33.57,3.79181E+14,1,0.25,0.54,0.536507694,0.42,0,1
10/16/2008,1400,28.2,301.2,35.61,2.91612E+15,1,0.21,0.67,0.415908333,0.32,0,1
10/16/2008,1500,28.7,301.7,36.28,5.73017E+15,1,0.2,0.72,0.317438489,0.26,0,1
10/16/2008,1600,28.9,301.9,36.55,7.50309E+15,1,0.2,0.74,0.259305307,0.23,0,1
10/16/2008,1700,28.5,301.5,36.01,4.37461E+15,1,0.21,0.7,0.228377479,0.22,0,1
10/16/2008,1800,22.4,295.4,27.61,9.75513E+11,1,0.38,0.29,0.218095331,0.26,0,1
10/16/2008,1900,18.3,291.3,21.76,2811022915,1,0.57,0.16,0.258239358,0.3,0,1
10/16/2008,2000,16.1,289.1,18.55,113771884,1,0.72,0.11,0.303820938,0.35,0,1
10/16/2008,2100,14.5,287.5,16.19,10707283.65,1,0.85,0.09,0.347794158,0.39,0,1
10/16/2008,2200,14,287,15.44,5088576.64,1,0.9,0.08,0.389852858,0.43,0,1
10/16/2008,2300,11.9,284.9,12.29,217402.36,1,1.12,0.06,0.429207785,0.47,0,1
10/16/2008,2400,11,284,10.92,55489.2,1,1.24,0.05,0.468276981,0.51,0,1
